ASIN,Amazon Buy Price,BSR,Number of Sellers,Keepa Stable
B08412MCNW,Error,Error,Error,Error
B09JV85C3T,Error,Error,Error,Error
B010PEKG9A,Error,Error,Error,Error
B09NM9YNPH,Error,Error,Error,Error
B08HSHWG89,Error,Error,Error,Error
B09774JQQY,Error,Error,Error,Error
B097746CQ2,Error,Error,Error,Error
B09JVM5214,Error,Error,Error,Error
B0DT76J6WB,Error,Error,Error,Error
B08RP9WRYT,Error,Error,Error,Error
B08KHL6C3T,Error,Error,Error,Error
B0BF8L7JKV,Error,Error,Error,Error
B09JVCD7J4,Error,Error,Error,Error
B0DCV47JXX,Error,Error,Error,Error
B0CK9PT53B,Error,Error,Error,Error
B0CPZYJDBQ,Error,Error,Error,Error
B08V6T37X5,Error,Error,Error,Error
B0014C3W62,Error,Error,Error,Error
B0D9MVMVMH,Error,Error,Error,Error
B09773B7YF,Error,Error,Error,Error
